customer_id,company_name,contact_first_name,contact_last_name,email,phone,industry,order_id,order_date,project_name,project_type,project_description,project_status,request_date,due_date,start_date,end_date,estimated_hours,actual_hours,hourly_rate,fixed_price,total_cost,total_revenue,payment_status,payment_date,priority,ai_technologies_used,deliverables,assigned_team_lead,team_size,customer_satisfaction_rating,referral_source,contract_type,discount_percentage,tax_rate,region,notes
CUST001,TechVision Inc.,Alexandra,Chen,alexandra.chen@techvision.com,+1-555-1001,Technology,ORD001,2024-01-15,SmartBot Customer Service,Chatbot Development,"Develop an AI-powered chatbot for customer service with NLP capabilities, multi-language support, and integration with CRM system",completed,2024-01-10,2024-04-15,2024-01-20,2024-04-10,320,310,150,0,46500,48000,paid,2024-04-12,high,"NLP, Transformer Models, BERT","Chatbot system, API documentation, Training materials",EMP006,4,4.8,Industry Conference,fixed-price,0,8.5,West,"Excellent delivery, on time"
CUST001,TechVision Inc.,Alexandra,Chen,alexandra.chen@techvision.com,+1-555-1001,Technology,ORD002,2024-05-20,Data Analytics Platform,Data Analysis & ML,"Build a predictive analytics platform for sales forecasting using historical data and machine learning algorithms",in progress,2024-05-15,2024-10-30,2024-06-01,,400,280,175,0,49000,56000,partially paid,2024-07-15,high,"Machine Learning, Random Forest, XGBoost","Analytics dashboard, Prediction models, Reports",EMP017,5,4.5,Industry Conference,time-and-materials,5,8.5,West,"Phase 1 completed successfully"
CUST002,GreenEnergy Solutions,Marcus,Thompson,marcus.thompson@greenenergy.com,+1-555-1002,Energy,ORD003,2024-02-10,Solar Output Predictor,Computer Vision & ML,"Develop computer vision system to analyze satellite imagery for solar panel efficiency optimization",completed,2024-02-05,2024-06-30,2024-02-15,2024-06-25,450,440,160,0,70400,72000,paid,2024-06-28,medium,"Computer Vision, CNN, Satellite Imagery Processing","Prediction model, Analysis reports, Maintenance schedule",EMP045,6,4.7,LinkedIn,fixed-price,10,8.5,South,"Great results, improved efficiency by 23%"
CUST002,GreenEnergy Solutions,Marcus,Thompson,marcus.thompson@greenenergy.com,+1-555-1002,Energy,ORD004,2024-08-05,Smart Grid AI,AI Consulting,"Consulting project to implement AI-driven smart grid management system for optimal energy distribution",completed,2024-07-28,2024-11-15,2024-08-10,2024-11-10,280,275,200,0,55000,58000,paid,2024-11-12,high,"Reinforcement Learning, Neural Networks, IoT Integration","Consulting report, Implementation roadmap, Training sessions",EMP002,4,4.9,LinkedIn,time-and-materials,0,8.5,South,"Client very satisfied with recommendations"
CUST003,MedCore Health Systems,Diana,Rodriguez,diana.rodriguez@medcore.com,+1-555-1003,Healthcare,ORD005,2024-01-25,Medical Image Analysis,Computer Vision,"Develop AI system for automated medical image analysis to detect anomalies in X-rays and MRIs",completed,2024-01-20,2024-07-31,2024-02-01,2024-07-28,600,590,180,0,106200,112000,paid,2024-07-30,critical,"Computer Vision, Deep Learning, CNN, Medical Imaging","Analysis software, Model weights, Validation report, FDA documentation",EMP045,8,4.9,Existing Client,fixed-price,0,8.5,East,"HIPAA compliant solution delivered"
CUST003,MedCore Health Systems,Diana,Rodriguez,diana.rodriguez@medcore.com,+1-555-1003,Healthcare,ORD006,2024-09-12,Patient Risk Predictor,ML Model Development,"Build predictive model for patient readmission risk assessment using electronic health records",in progress,2024-09-05,2025-02-28,2024-09-20,,350,120,185,0,22200,25900,unpaid,,medium,"Machine Learning, Gradient Boosting, Healthcare Analytics","Prediction API, Risk reports, Integration guide",EMP017,5,4.6,Existing Client,time-and-materials,15,8.5,East,"Promising early results"
CUST004,FinServe Capital,Richard,Williams,richard.williams@finserve.com,+1-555-1004,Finance,ORD007,2024-03-01,Fraud Detection System,AI Security,"Implement real-time fraud detection system using machine learning to identify suspicious transactions",completed,2024-02-25,2024-08-15,2024-03-05,2024-08-10,520,510,190,0,96900,102000,paid,2024-08-12,high,"Anomaly Detection, Random Forest, Neural Networks","Detection system, Alert dashboard, Model documentation",EMP037,7,4.8,Referral,fixed-price,5,8.5,East,"Reduced false positives by 40%"
CUST004,FinServe Capital,Richard,Williams,richard.williams@finserve.com,+1-555-1004,Finance,ORD008,2024-09-25,Credit Scoring AI,ML Model Development,"Develop AI model for automated credit scoring using alternative data sources and traditional metrics",in progress,2024-09-18,2025-03-31,2024-10-01,,400,80,195,0,15600,26000,unpaid,,high,"Machine Learning, Ensemble Methods, Alternative Data","Scoring model, API endpoint, Compliance report",EMP030,6,4.3,Referral,time-and-materials,0,8.5,East,"Model showing 15% improvement over baseline"
CUST005,RetailMax Group,Sophia,Martinez,sophia.martinez@retailmax.com,+1-555-1005,Retail,ORD009,2024-02-20,Recommendation Engine,ML Model Development,"Build personalized product recommendation engine using collaborative filtering and deep learning",completed,2024-02-15,2024-07-15,2024-02-25,2024-07-10,380,375,140,0,52500,54000,paid,2024-07-12,medium,"Deep Learning, Collaborative Filtering, Matrix Factorization","Recommendation API, Admin dashboard, A/B test results",EMP030,5,4.6,Website,fixed-price,10,8.5,Midwest,"Increased conversion rate by 18%"
CUST005,RetailMax Group,Sophia,Martinez,sophia.martinez@retailmax.com,+1-555-1005,Retail,ORD010,2024-08-15,Demand Forecasting AI,Data Analysis & ML,"Implement AI-powered demand forecasting system for inventory optimization across 500+ stores",in progress,2024-08-08,2025-01-31,2024-08-20,,450,200,160,0,32000,43200,partially paid,2024-10-15,high,"Time Series Analysis, LSTM, Prophet","Forecasting models, Inventory optimization tool, Dashboard",EMP017,6,4.4,Website,time-and-materials,5,8.5,Midwest,"Pilot in 50 stores shows 12% improvement"
CUST006,AutoDrive Technologies,Kevin,Park,kevin.park@autodrive.com,+1-555-1006,Automotive,ORD011,2024-01-30,Autonomous Vehicle Vision,Computer Vision,"Develop computer vision algorithms for object detection and lane tracking in autonomous vehicles",in progress,2024-01-25,2024-12-31,2024-02-05,,800,450,200,0,90000,120000,partially paid,2024-06-15,critical,"Computer Vision, YOLO, Semantic Segmentation, Sensor Fusion","Vision system, Test reports, Simulation environment",EMP045,10,4.7,Industry Conference,fixed-price,0,8.5,West,"On track for Q4 delivery"
CUST007,EduLearn Online,Emily,Nakamura,emily.nakamura@edulearn.com,+1-555-1007,Education,ORD012,2024-03-15,Adaptive Learning System,AI Consulting,"Create AI-powered adaptive learning platform that personalizes content based on student performance",completed,2024-03-10,2024-09-30,2024-03-20,2024-09-25,500,490,150,0,73500,75000,paid,2024-09-28,medium,"NLP, Reinforcement Learning, Knowledge Graphs","Learning platform, Content recommendation engine, Analytics",EMP037,6,4.8,LinkedIn,fixed-price,8,8.5,Midwest,"Student engagement up by 35%"
CUST007,EduLearn Online,Emily,Nakamura,emily.nakamura@edulearn.com,+1-555-1007,Education,ORD013,2024-10-05,Automated Grading AI,NLP & ML,"Develop AI system for automated essay grading and feedback generation for online courses",pending,2024-09-28,2025-04-30,2024-10-15,,300,,165,0,0,49500,unpaid,,medium,"NLP, BERT, Transformer Models, Educational AI","Grading system, Feedback generator, Integration API",EMP037,4,4.2,LinkedIn,time-and-materials,10,8.5,Midwest,"Contract negotiation completed"
CUST008,LogiTech Supply Chain,Tommy,Henderson,tommy.henderson@logitech-sc.com,+1-555-1008,Logistics,ORD014,2024-04-10,Route Optimization AI,ML & Optimization,"Build AI system for dynamic route optimization considering traffic, weather, and delivery priorities",completed,2024-04-05,2024-09-15,2024-04-15,2024-09-10,420,415,155,0,64325,65100,paid,2024-09-12,high,"Optimization Algorithms, Reinforcement Learning, Graph Neural Networks","Optimization engine, Route planner, Performance analytics",EMP030,5,4.7,Existing Client,fixed-price,12,8.5,South,"Fuel costs reduced by 22%"
CUST008,LogiTech Supply Chain,Tommy,Henderson,tommy.henderson@logitech-sc.com,+1-555-1008,Logistics,ORD015,2024-11-01,Demand Prediction System,Data Analysis & ML,"Implement demand prediction system for warehouse inventory management using historical data",pending,2024-10-25,2025-05-31,2024-11-10,,380,,170,0,0,60800,unpaid,,medium,"Time Series, LSTM, Demand Forecasting","Prediction system, Inventory optimizer, Alert system",EMP002,5,4.0,Existing Client,time-and-materials,15,8.5,South,"Ready to start in November"
CUST009,AgriSmart Farms,Maria,Gonzalez,maria.gonzalez@agrismart.com,+1-555-1009,Agriculture,ORD016,2024-03-20,Crop Yield Predictor,Computer Vision & ML,"Develop AI system using drone imagery and weather data to predict crop yields and optimize irrigation",completed,2024-03-15,2024-08-31,2024-03-25,2024-08-28,360,355,145,0,51475,52800,paid,2024-08-30,medium,"Computer Vision, Satellite Imagery, Regression Models","Prediction dashboard, Mobile app, Irrigation recommendations",EMP045,5,4.6,Industry Conference,fixed-price,10,8.5,Midwest,"Yield prediction accuracy 92%"
CUST010,SecureBank Financial,James,O'Brien,james.obrien@securebank.com,+1-555-1010,Finance,ORD017,2024-02-05,Loan Approval AI,ML Model Development,"Build explainable AI system for automated loan approvals with regulatory compliance features",completed,2024-01-30,2024-07-31,2024-02-10,2024-07-25,480,470,185,0,86950,90000,paid,2024-07-28,high,"Explainable AI, XGBoost, SHAP, LIME","AI model, Compliance documentation, Explainability dashboard",EMP030,6,4.9,Referral,fixed-price,5,8.5,East,"100% compliant with regulations"
CUST010,SecureBank Financial,James,O'Brien,james.obrien@securebank.com,+1-555-1010,Finance,ORD018,2024-09-05,Market Sentiment Analyzer,NLP & ML,"Develop NLP system to analyze news and social media for market sentiment analysis and trading insights",in progress,2024-08-28,2025-02-28,2024-09-10,,350,140,190,0,26600,51800,partially paid,2024-11-01,high,"NLP, Sentiment Analysis, Transformer Models, FinBERT","Sentiment analyzer, Trading signals API, Dashboard",EMP037,5,4.5,Referral,time-and-materials,0,8.5,East,"Alpha generation showing positive results"
CUST011,HealthPlus Clinics,Natalie,Kim,natalie.kim@healthplus.com,+1-555-1011,Healthcare,ORD019,2024-04-25,Appointment Scheduler AI,AI Optimization,"Create intelligent appointment scheduling system optimizing doctor availability and patient preferences",completed,2024-04-20,2024-09-30,2024-05-01,2024-09-25,300,295,160,0,47200,48000,paid,2024-09-27,medium,"Optimization, Constraint Satisfaction, Machine Learning","Scheduling system, Mobile app, Admin dashboard",EMP002,4,4.7,Existing Client,fixed-price,8,8.5,East,"Patient wait times reduced by 30%"
CUST011,HealthPlus Clinics,Natalie,Kim,natalie.kim@healthplus.com,+1-555-1011,Healthcare,ORD020,2024-10-20,Medical Chatbot,NLP & Chatbot,"Develop medical consultation chatbot for preliminary symptom checking and appointment booking",pending,2024-10-15,2025-05-31,2024-11-01,,400,,155,0,0,62000,unpaid,,medium,"NLP, Medical Knowledge Graph, Chatbot Framework","Chatbot system, Medical disclaimer system, Integration API",EMP006,5,4.3,Existing Client,time-and-materials,10,8.5,East,"Awaiting legal approval for medical advice features"
CUST012,SmartManufacturing Inc.,Robert,Chen,robert.chen@smartmfg.com,+1-555-1012,Manufacturing,ORD021,2024-05-10,Predictive Maintenance AI,IoT & ML,"Implement predictive maintenance system using IoT sensors and ML to predict equipment failures",completed,2024-05-05,2024-11-30,2024-05-15,2024-11-25,550,540,170,0,91800,94500,paid,2024-11-28,high,"IoT, Time Series Analysis, Anomaly Detection, Predictive Modeling","Maintenance system, Sensor integration, Alert dashboard",EMP017,7,4.8,Industry Conference,fixed-price,5,8.5,Midwest,"Equipment downtime reduced by 45%"
CUST012,SmartManufacturing Inc.,Robert,Chen,robert.chen@smartmfg.com,+1-555-1012,Manufacturing,ORD022,2024-12-01,Quality Control Vision,Computer Vision,"Deploy computer vision system for automated quality control on production line",pending,2024-11-20,2025-06-30,2025-01-05,,480,,180,0,0,86400,unpaid,,high,"Computer Vision, Object Detection, Real-time Processing","Vision system, Quality reports, Defect classifier",EMP045,6,4.2,Industry Conference,fixed-price,0,8.5,Midwest,"Contract signed, starting January"
CUST013,MediaStream Pro,Jessica,Wong,jessica.wong@mediastream.com,+1-555-1013,Media,ORD023,2024-03-05,Content Recommendation AI,ML Model Development,"Build content recommendation engine for streaming platform using viewer behavior and preferences",completed,2024-02-28,2024-08-15,2024-03-10,2024-08-10,380,375,150,0,56250,57000,paid,2024-08-12,medium,"Collaborative Filtering, Deep Learning, Content-Based Filtering","Recommendation engine, A/B testing framework, Analytics",EMP030,5,4.6,Website,fixed-price,12,8.5,West,"Viewer retention up by 25%"
CUST013,MediaStream Pro,Jessica,Wong,jessica.wong@mediastream.com,+1-555-1013,Media,ORD024,2024-09-15,Video Content Analyzer,Computer Vision & NLP,"Develop AI system to automatically tag, categorize, and generate summaries for video content",in progress,2024-09-08,2025-03-31,2024-09-20,,420,180,165,0,29700,63000,partially paid,2024-11-15,medium,"Computer Vision, NLP, Video Analysis, Multimodal AI","Analysis platform, Auto-tagging system, Summary generator",EMP006,6,4.4,Website,time-and-materials,8,8.5,West,"Processing 1000+ videos per hour"
CUST014,CityTransport NYC,Michael,Torres,michael.torres@citytransport.com,+1-555-1014,Transportation,ORD025,2024-04-01,Traffic Flow Optimizer,AI & IoT,"Create AI system for real-time traffic flow optimization using IoT sensors and historical data",in progress,2024-03-25,2025-01-31,2024-04-10,,600,320,175,0,56000,84000,partially paid,2024-08-15,high,"Reinforcement Learning, IoT, Traffic Simulation, Optimization","Traffic control system, Prediction models, City dashboard",EMP002,8,4.5,Government RFP,fixed-price,15,8.5,East,"Pilot program in Manhattan showing 18% improvement"
CUST015,FoodTech Innovations,Lisa,Patel,lisa.patel@foodtech.com,+1-555-1015,Food & Beverage,ORD026,2024-05-25,Recipe Recommendation AI,ML & NLP,"Develop AI-powered recipe recommendation system based on dietary preferences and available ingredients",completed,2024-05-20,2024-10-31,2024-06-01,2024-10-25,320,315,140,0,44100,45000,paid,2024-10-28,low,"NLP, Recommendation Systems, Dietary Knowledge Graph","Recipe app, Recommendation API, Nutritional analyzer",EMP006,4,4.5,Social Media,fixed-price,10,8.5,Midwest,"User engagement increased by 40%"
CUST015,FoodTech Innovations,Lisa,Patel,lisa.patel@foodtech.com,+1-555-1015,Food & Beverage,ORD027,2024-11-10,Supply Chain Predictor,Data Analysis & ML,"Build predictive model for food supply chain optimization considering seasonality and demand",pending,2024-11-03,2025-06-30,2024-11-20,,360,,160,0,0,57600,unpaid,,medium,"Time Series, Supply Chain Optimization, Demand Forecasting","Prediction system, Optimization tool, Vendor dashboard",EMP017,5,4.1,Social Media,time-and-materials,5,8.5,Midwest,"Waiting for historical data access"
CUST016,RealEstate AI,Jason,Goldberg,jason.goldberg@realestateai.com,+1-555-1016,Real Estate,ORD028,2024-06-15,Property Valuation AI,ML Model Development,"Develop AI model for automated property valuation using market data, images, and location features",completed,2024-06-10,2024-11-30,2024-06-20,2024-11-25,440,435,175,0,76125,78000,paid,2024-11-27,high,"Machine Learning, Computer Vision, Geospatial Analysis","Valuation model, Property analyzer, Market trends dashboard",EMP030,6,4.7,LinkedIn,fixed-price,8,8.5,West,"Valuation accuracy within 3% of market value"
CUST016,RealEstate AI,Jason,Goldberg,jason.goldberg@realestateai.com,+1-555-1016,Real Estate,ORD029,2024-12-05,Virtual Property Tours,Computer Vision & VR,"Create AI-powered virtual tour system with automated room recognition and property highlighting",pending,2024-11-28,2025-07-31,2025-01-10,,500,,185,0,0,92500,unpaid,,medium,"Computer Vision, 3D Reconstruction, Object Detection","Virtual tour platform, Room tagger, Property highlights",EMP045,6,4.2,LinkedIn,fixed-price,0,8.5,West,"Contract approved by board"
CUST017,SportTech Analytics,Chris,Anderson,chris.anderson@sporttech.com,+1-555-1017,Sports,ORD030,2024-07-01,Player Performance AI,Computer Vision & ML,"Build AI system for analyzing player performance using video footage and statistical data",completed,2024-06-25,2024-12-15,2024-07-05,2024-12-10,480,475,165,0,78375,80000,paid,2024-12-12,medium,"Computer Vision, Pose Estimation, Sports Analytics","Analysis platform, Performance metrics, Video annotation tool",EMP045,6,4.8,Industry Conference,fixed-price,5,8.5,Midwest,"Coach satisfaction score 4.8/5"
CUST018,CleanEnergy Wind,Rachel,Stevens,rachel.stevens@cleanenergy.com,+1-555-1018,Energy,ORD031,2024-08-20,Wind Turbine Monitor,IoT & ML,"Implement predictive maintenance for wind turbines using vibration sensors and weather data",in progress,2024-08-15,2025-03-31,2024-08-25,,520,240,170,0,40800,88400,partially paid,2024-10-20,high,"IoT, Time Series, Anomaly Detection, Predictive Maintenance","Monitoring system, Predictive alerts, Maintenance scheduler",EMP017,7,4.6,Existing Client,time-and-materials,10,8.5,South,"Turbine efficiency up by 15%"
CUST019,FinTech Startups,Daniel,Schwartz,daniel.schwartz@fintechstartups.com,+1-555-1019,Finance,ORD032,2024-09-01,Risk Assessment AI,ML & NLP,"Develop AI system for startup risk assessment using financial data, news, and market sentiment",pending,2024-08-25,2025-04-30,2024-09-10,,380,,180,0,0,68400,unpaid,,high,"NLP, Risk Modeling, Financial Analysis, Ensemble Methods","Risk assessment platform, Scoring model, Investor dashboard",EMP037,5,4.3,Startup Event,time-and-materials,20,8.5,East,"Term sheet signed"
CUST020,EduTech Global,Amara,Osei,amara.osei@edutechglobal.com,+1-555-1020,Education,ORD033,2024-10-10,Language Learning AI,NLP & Speech,"Create AI-powered language learning platform with speech recognition and pronunciation feedback",in progress,2024-10-05,2025-05-31,2024-10-15,,450,150,160,0,24000,72000,unpaid,,medium,"NLP, Speech Recognition, Pronunciation Analysis","Learning platform, Speech analyzer, Progress tracker",EMP006,6,4.5,Referral,time-and-materials,12,8.5,East,"Beta testing with 500 students"
